datetime,open,high,low,close,volume
2024-09-02T00:00:00+00:00,1.1090200000000003,1.1141400000000001,1.1072000000000002,1.1126700000000003,552516.4619677125
2024-09-05T00:00:00+00:00,1.1126700000000003,1.1202000000000003,1.1112100000000003,1.1130100000000003,522735
2024-09-08T00:00:00+00:00,1.1130100000000003,1.1143400000000008,1.1069800000000007,1.1074900000000008,342003.5782576795
2024-09-11T00:00:00+00:00,1.1074900000000008,1.1156300000000003,1.1056800000000007,1.1126300000000002,656874.9348715951
2024-09-14T00:00:00+00:00,1.1126300000000002,1.11885,1.11247,1.1180199999999998,188343.12045344658
2024-09-17T00:00:00+00:00,1.1180199999999998,1.1242999999999999,1.1123299999999998,1.1158899999999998,806507.7587817402
2024-09-20T00:00:00+00:00,1.1158899999999998,1.1181499999999998,1.1135699999999997,1.1166499999999995,250863.34643781526
2024-09-23T00:00:00+00:00,1.1166499999999995,1.1221499999999993,1.1090599999999995,1.1136899999999994,670537.9828202525
2024-09-26T00:00:00+00:00,1.1136899999999994,1.1210199999999995,1.1131699999999993,1.1166799999999995,545560.9816008438
2024-09-29T00:00:00+00:00,1.1166799999999995,1.1228099999999994,1.1066899999999995,1.1087799999999994,565445.0423367696
2024-10-02T00:00:00+00:00,1.1087799999999994,1.1106199999999995,1.0972199999999999,1.0992999999999997,729373
2024-10-05T00:00:00+00:00,1.0992999999999997,1.1015599999999999,1.0983,1.1003500000000002,232764.0713391881
2024-10-08T00:00:00+00:00,1.1003500000000002,1.1026500000000001,1.09299,1.09635,648505.5072401381
2024-10-11T00:00:00+00:00,1.09635,1.0983699999999998,1.0956,1.09597,168006.92909025084
2024-10-14T00:00:00+00:00,1.09597,1.0973300000000001,1.0890600000000004,1.0895200000000003,491105.63735523965
2024-10-17T00:00:00+00:00,1.0895200000000003,1.0909900000000003,1.0847400000000003,1.0902100000000001,351507.66232756944
2024-10-20T00:00:00+00:00,1.0902100000000001,1.0915300000000001,1.0836100000000002,1.0839400000000003,319591.2921890429
2024-10-23T00:00:00+00:00,1.0839400000000003,1.0882200000000002,1.0804200000000002,1.0836800000000002,527231.1795445015
2024-10-26T00:00:00+00:00,1.0836800000000002,1.0872500000000003,1.0826900000000004,1.0861900000000004,173233.23178136957
2024-10-29T00:00:00+00:00,1.0861900000000004,1.0933200000000003,1.0813200000000003,1.0929000000000004,680174.2960682504
2024-11-01T00:00:00+00:00,1.0929000000000004,1.0950800000000005,1.0874700000000006,1.0878300000000005,219337.4442488263
2024-11-04T00:00:00+00:00,1.0878300000000005,1.0947600000000002,1.0693100000000002,1.0731399999999998,931323.9770351121
2024-11-07T00:00:00+00:00,1.0731399999999998,1.0824399999999998,1.0686699999999998,1.0717499999999998,536798.5259915451
2024-11-10T00:00:00+00:00,1.0717499999999998,1.0740999999999996,1.0607099999999994,1.0628399999999993,419149
2024-11-13T00:00:00+00:00,1.0628399999999993,1.0665699999999994,1.0507999999999993,1.0550799999999991,852806.9362394653
2024-11-16T00:00:00+00:00,1.0550799999999991,1.0630299999999993,1.0550099999999993,1.0618899999999993,211510.5138867339
2024-11-19T00:00:00+00:00,1.0618899999999993,1.0634499999999993,1.0486699999999993,1.0493799999999993,734506.6287038444
2024-11-22T00:00:00+00:00,1.0493799999999993,1.0522599999999993,1.0356399999999992,1.0436399999999992,325277.530372681
2024-11-25T00:00:00+00:00,1.0436399999999992,1.054729999999999,1.0382499999999992,1.0521999999999991,911350.8454636163
2024-11-28T00:00:00+00:00,1.0521999999999991,1.0557799999999988,1.0487399999999991,1.0535299999999987,454816.8889003213
2024-12-01T00:00:00+00:00,1.0535299999999987,1.0535499999999987,1.0427399999999987,1.0476599999999983,574000.4147692422
2024-12-04T00:00:00+00:00,1.0476599999999983,1.059619999999998,1.0438899999999982,1.053329999999998,764097.3138587119
2024-12-07T00:00:00+00:00,1.053329999999998,1.0572599999999979,1.0510199999999978,1.053239999999998,208966.4714221948
2024-12-10T00:00:00+00:00,1.053239999999998,1.054639999999998,1.044099999999998,1.045149999999998,789482
2024-12-13T00:00:00+00:00,1.045149999999998,1.050209999999998,1.0430999999999981,1.050059999999998,224642.25814565853
2024-12-16T00:00:00+00:00,1.050059999999998,1.052529999999998,1.0334599999999983,1.0343599999999984,721336.8530336145
2024-12-19T00:00:00+00:00,1.0343599999999984,1.0439399999999983,1.0334799999999984,1.0422099999999983,603346.5724701446
2024-12-22T00:00:00+00:00,1.0422099999999983,1.0441499999999981,1.038039999999998,1.0382199999999961,324973.58533890557
2024-12-25T00:00:00+00:00,1.0399,1.04544,1.0394000000000005,1.0431199999999996,315546.0260895037
2024-12-28T00:00:00+00:00,1.0431199999999996,1.0476299999999996,1.0389499999999998,1.0423199999999995,198385.26393928652
2024-12-31T00:00:00+00:00,1.0423199999999995,1.0441999999999996,1.0230599999999992,1.027369999999999,529288.8071589011
2025-01-03T00:00:00+00:00,1.027369999999999,1.0320399999999992,1.0270499999999991,1.0317699999999992,182470.87398069643
2025-01-06T00:00:00+00:00,1.0317699999999992,1.044939999999999,1.0281999999999993,1.0322899999999993,881435.6249949723
2025-01-09T00:00:00+00:00,1.0322899999999993,1.0331199999999994,1.0221199999999993,1.0250299999999994,485861.04395199055
2025-01-12T00:00:00+00:00,1.0250299999999994,1.0323399999999996,1.0193999999999996,1.0321399999999996,551073.6710324918
2025-01-15T00:00:00+00:00,1.0321399999999996,1.0369699999999995,1.0273799999999995,1.0279999999999996,779954.7673499142
2025-01-18T00:00:00+00:00,1.0279999999999996,1.0430399999999995,1.0262099999999996,1.0410499999999996,330379.02745913365
2025-01-21T00:00:00+00:00,1.0410499999999996,1.0446899999999995,1.0331099999999995,1.0412799999999995,870832.1733964266
2025-01-24T00:00:00+00:00,1.0412799999999995,1.0518399999999997,1.0408499999999996,1.0495499999999995,302105.2650831928
2025-01-27T00:00:00+00:00,1.0495499999999995,1.0561199999999995,1.0410199999999992,1.0453599999999994,878620.1899396235
2025-01-30T00:00:00+00:00,1.0453599999999994,1.0496599999999994,1.0385699999999993,1.0392999999999994,658410.8024017139
2025-02-02T00:00:00+00:00,1.0392999999999994,1.0547899999999995,1.0370099999999995,1.0533299999999994,875982.0095913308
2025-02-05T00:00:00+00:00,1.0533299999999994,1.0604499999999994,1.0466899999999995,1.0487899999999994,815933.9742642918
2025-02-08T00:00:00+00:00,1.0487899999999994,1.0520199999999995,1.0466099999999996,1.0484699999999998,198983.62175701058
2025-02-11T00:00:00+00:00,1.0484699999999998,1.0658999999999996,1.0476299999999996,1.0652399999999995,868573.1265814268
2025-02-14T00:00:00+00:00,1.0652399999999995,1.0704999999999996,1.0637799999999995,1.0683499999999995,240332.6273391541
2025-02-17T00:00:00+00:00,1.0683499999999995,1.0701199999999995,1.0594899999999996,1.0618699999999996,558324.5464926002
2025-02-20T00:00:00+00:00,1.0618699999999996,1.0703699999999996,1.0616599999999996,1.0654199999999996,446955.87284913566
2025-02-23T00:00:00+00:00,1.0654199999999996,1.0711699999999997,1.0636199999999996,1.07042,529097.2847292202
2025-02-26T00:00:00+00:00,1.07042,1.0712599999999999,1.0544399999999998,1.0558699999999999,824403.331102493
2025-03-01T00:00:00+00:00,1.0558699999999999,1.06605,1.05449,1.06423,329604.0739692445
2025-03-04T00:00:00+00:00,1.06423,1.10087,1.06279,1.0945200000000002,1298842.0350055087
2025-03-07T00:00:00+00:00,1.0945200000000002,1.1046600000000002,1.0939000000000003,1.1028,381041.51546123286
2025-03-10T00:00:00+00:00,1.1028,1.1116899999999996,1.0972899999999999,1.1058899999999996,984582.848436136
2025-03-13T00:00:00+00:00,1.1058899999999996,1.1086099999999994,1.0995999999999997,1.1049199999999995,582824.893997203
2025-03-16T00:00:00+00:00,1.1049199999999995,1.112749999999999,1.1041399999999992,1.1114599999999988,422026.87192900793
2025-03-19T00:00:00+00:00,1.1114599999999988,1.1121199999999989,1.0970599999999986,1.0986399999999987,645011.0304457106
2025-03-22T00:00:00+00:00,1.0986399999999987,1.1037899999999985,1.0961299999999985,1.0982299999999985,236419.15103035394
2025-03-25T00:00:00+00:00,1.0982299999999985,1.1009999999999986,1.0912599999999988,1.0980699999999988,606473.9347187203
2025-03-28T00:00:00+00:00,1.0980699999999988,1.1024599999999989,1.094359999999999,1.1008499999999988,201479.72910982132
2025-03-31T00:00:00+00:00,1.1008499999999988,1.110949999999999,1.096329999999999,1.1093699999999986,754361.7566644386
2025-04-03T00:00:00+00:00,1.1093699999999986,1.1334499999999987,1.1068799999999988,1.1152499999999985,1373409.2456506612
2025-04-06T00:00:00+00:00,1.1152499999999985,1.1305299999999985,1.1141799999999986,1.1227299999999985,1493219.3608159828
2025-04-09T00:00:00+00:00,1.1227299999999985,1.1722899999999983,1.1162799999999986,1.1608099999999986,2667247.795884349
2025-04-12T00:00:00+00:00,1.1316300000000001,1.1416000000000004,1.1287400000000005,1.1331800000000007,544244.1516960878
2025-04-15T00:00:00+00:00,1.1331800000000007,1.1408400000000007,1.1259600000000007,1.1374300000000002,1224592.5233268181
2025-04-18T00:00:00+00:00,1.1374300000000002,1.1467399999999996,1.1360200000000003,1.1457899999999996,292366.2122446741
2025-04-21T00:00:00+00:00,1.1457899999999996,1.1582299999999996,1.1316599999999997,1.1336800000000002,1336472.6314059254
2025-04-24T00:00:00+00:00,1.1336800000000002,1.14054,1.1322300000000005,1.1368800000000006,633551.326368006
2025-04-27T00:00:00+00:00,1.1368800000000006,1.1439000000000004,1.1343400000000003,1.1400100000000004,616529.1999999252
2025-04-30T00:00:00+00:00,1.1400100000000004,1.1409300000000004,1.1274700000000004,1.1305600000000005,960618.456945384
2025-05-03T00:00:00+00:00,1.1305600000000005,1.1370300000000013,1.1298700000000008,1.1317500000000014,296196.17344396946
2025-05-06T00:00:00+00:00,1.1317500000000014,1.1386500000000015,1.122480000000001,1.123930000000001,1048290.3272774382
2025-05-09T00:00:00+00:00,1.123930000000001,1.1318200000000012,1.1209000000000011,1.130960000000001,266938.4209666273
2025-05-12T00:00:00+00:00,1.130960000000001,1.1348000000000014,1.1147000000000011,1.1263400000000012,1090604.6841000894
2025-05-15T00:00:00+00:00,1.1263400000000012,1.1310300000000013,1.1212900000000012,1.1245000000000012,513628.1797501199
2025-05-18T00:00:00+00:00,1.1245000000000012,1.1355700000000015,1.1232400000000011,1.1353800000000014,649314.6071833395
2025-05-21T00:00:00+00:00,1.1353800000000014,1.143570000000001,1.1320600000000012,1.1421800000000013,1061579.1621959493
2025-05-24T00:00:00+00:00,1.1421800000000013,1.1476000000000013,1.1416200000000012,1.1444500000000015,199505.0124384414
2025-05-27T00:00:00+00:00,1.1444500000000015,1.1463400000000015,1.1265700000000014,1.1432700000000013,959079.7132714002
2025-05-30T00:00:00+00:00,1.1432700000000013,1.1445700000000012,1.1368400000000014,1.1399700000000015,343479.06554536975
2025-06-02T00:00:00+00:00,1.1399700000000015,1.1503900000000011,1.1399300000000014,1.1470700000000011,871283.3678635943
2025-06-05T00:00:00+00:00,1.1470700000000011,1.1544900000000011,1.142140000000001,1.144400000000001,648807.5255965763
2025-06-08T00:00:00+00:00,1.144400000000001,1.1495800000000005,1.1420800000000004,1.1483500000000004,461503.7668802603
2025-06-11T00:00:00+00:00,1.1483500000000004,1.1677500000000005,1.1451300000000004,1.1596100000000005,1066383.4417187406
2025-06-14T00:00:00+00:00,1.1596100000000005,1.1682100000000004,1.1590900000000004,1.1622500000000004,323676.4682505867
2025-06-17T00:00:00+00:00,1.1622500000000004,1.1648300000000005,1.1516400000000004,1.1581100000000004,912366.9977553291
2025-06-20T00:00:00+00:00,1.1581100000000004,1.1646800000000002,1.1564300000000003,1.1638800000000002,282708.47236013506
2025-06-23T00:00:00+00:00,1.1638800000000002,1.183,1.1592700000000002,1.1828600000000002,1000112.4175231304
2025-06-26T00:00:00+00:00,1.1828600000000002,1.1893800000000003,1.1812600000000002,1.1858100000000003,613994.1504095634
2025-06-29T00:00:00+00:00,1.1858100000000003,1.1961400000000002,1.18392,1.1937800000000005,569273.3809300204
2025-07-02T00:00:00+00:00,1.1937800000000005,1.1942800000000005,1.1849500000000006,1.1903700000000006,712426.7201534966
2025-07-05T00:00:00+00:00,1.1777100000000003,1.1786600000000003,1.1682700000000004,1.1732900000000004,247377.61628196386
2025-07-08T00:00:00+00:00,1.1732900000000004,1.1761600000000003,1.1654100000000003,1.16931,622727.4793615803
2025-07-11T00:00:00+00:00,1.16931,1.17053,1.1655900000000001,1.1695000000000004,241694.677418277
2025-07-14T00:00:00+00:00,1.1695000000000004,1.1733400000000003,1.1574400000000005,1.1647500000000002,750654.628474491
2025-07-17T00:00:00+00:00,1.1647500000000002,1.1684,1.1568600000000002,1.1637300000000002,385643.64975364297
2025-07-20T00:00:00+00:00,1.1637300000000002,1.17693,1.1623100000000002,1.1745700000000001,375148.2950519192
2025-07-23T00:00:00+00:00,1.1745700000000001,1.1796100000000003,1.1709300000000005,1.1747400000000003,665860.8965578882
2025-07-26T00:00:00+00:00,1.1747400000000003,1.1763700000000004,1.1578600000000003,1.1589900000000004,274943.7345212742
2025-07-29T00:00:00+00:00,1.1589900000000004,1.1592500000000003,1.1394200000000003,1.14157,866048.0796839776
2025-08-01T00:00:00+00:00,1.14157,1.15905,1.1385,1.1577399999999998,435502.5833492838
2025-08-04T00:00:00+00:00,1.1577399999999998,1.1658399999999998,1.15176,1.1652799999999999,739050.5312419897
2025-08-07T00:00:00+00:00,1.1652799999999999,1.16885,1.16005,1.16303,469060.02294271195
2025-08-10T00:00:00+00:00,1.16303,1.1684600000000003,1.1577000000000002,1.1665100000000004,508014.14370824664
2025-08-13T00:00:00+00:00,1.1665100000000004,1.1717900000000003,1.1618600000000003,1.1690700000000003,591673.2427498456
2025-08-16T00:00:00+00:00,1.1690700000000003,1.1696300000000002,1.1637000000000002,1.1649300000000005,164991.3687196592
2025-08-19T00:00:00+00:00,1.1649300000000005,1.1674200000000006,1.1582500000000004,1.1593600000000004,543801.1981979014
2025-08-22T00:00:00+00:00,1.1593600000000004,1.1724000000000003,1.1564100000000004,1.1688000000000005,246346.76254498068
2025-08-25T00:00:00+00:00,1.1688000000000005,1.1700200000000005,1.1553800000000005,1.1627300000000005,593388
2025-08-28T00:00:00+00:00,1.1627300000000005,1.1688500000000004,1.1608500000000006,1.1664300000000003,372646.64533020835
2025-08-31T00:00:00+00:00,1.1664300000000003,1.1708600000000005,1.1584900000000005,1.1604900000000005,422976.3079473355
2025-09-03T00:00:00+00:00,1.1604900000000005,1.1732200000000002,1.1580300000000003,1.1690300000000002,658356.3721582668
2025-09-06T00:00:00+00:00,1.1690300000000002,1.1753399999999998,1.16841,1.17492,197620.88702945277
2025-09-09T00:00:00+00:00,1.17492,1.17605,1.16403,1.17139,648029.9269742398
2025-09-12T00:00:00+00:00,1.17139,1.17285,1.1681599999999999,1.1707999999999996,168565.75163989188
2025-09-15T00:00:00+00:00,1.1707999999999996,1.1901599999999997,1.1698599999999997,1.1808099999999997,693472.041433024
2025-09-18T00:00:00+00:00,1.1808099999999997,1.1831099999999997,1.1711399999999998,1.1726699999999997,488656.142584061
2025-09-21T00:00:00+00:00,1.1726699999999997,1.1795799999999996,1.1702899999999996,1.1791099999999997,390696.9451323135
2025-09-24T00:00:00+00:00,1.1791099999999997,1.1792199999999997,1.1621099999999995,1.1674999999999998,682966.814990757
2025-09-27T00:00:00+00:00,1.1674999999999998,1.17233,1.16674,1.16995,196491.11108142647
2025-09-30T00:00:00+00:00,1.16995,1.17475,1.16527,1.1694699999999998,703521.2190642597
2025-10-03T00:00:00+00:00,1.1694699999999998,1.17291,1.1684899999999998,1.1701499999999998,194376.16557064137
2025-10-06T00:00:00+00:00,1.1701499999999998,1.1720399999999997,1.1585999999999994,1.1616899999999992,611110.3543390713
2025-10-09T00:00:00+00:00,1.1616899999999992,1.1635799999999992,1.1529699999999992,1.160789999999999,434237.05639318726
2025-10-12T00:00:00+00:00,1.160789999999999,1.161549999999999,1.152779999999999,1.158899999999999,428094.5269287063
2025-10-15T00:00:00+00:00,1.158899999999999,1.171409999999999,1.1587499999999988,1.163649999999999,676565.1210075992
2025-10-18T00:00:00+00:00,1.163649999999999,1.164669999999999,1.1609099999999988,1.1611599999999986,173760.74024577736
2025-10-21T00:00:00+00:00,1.1611599999999986,1.1622799999999986,1.1545199999999989,1.158539999999999,542931.3650569536
2025-10-24T00:00:00+00:00,1.158539999999999,1.1617399999999989,1.156909999999999,1.1589199999999986,181883.14574556384
2025-10-27T00:00:00+00:00,1.1589199999999986,1.1626899999999984,1.1535199999999985,1.1560099999999989,550493.7065765152
2025-10-30T00:00:00+00:00,1.1560099999999989,1.1594599999999988,1.147879999999999,1.1492199999999988,347553
2025-11-02T00:00:00+00:00,1.1492199999999988,1.1505099999999988,1.1436799999999987,1.1448999999999987,317465.0384252084
2025-11-05T00:00:00+00:00,1.1448999999999987,1.1591200000000002,1.1432299999999986,1.15618,429621.37497725344
2025-11-08T00:00:00+00:00,1.15618,1.1591699999999998,1.1549899999999997,1.1565699999999999,148422.54785508837
2025-11-11T00:00:00+00:00,1.1565699999999999,1.16655,1.1556099999999998,1.16394,432914.2552132497
2025-11-14T00:00:00+00:00,1.16394,1.16632,1.1613499999999997,1.1616699999999998,197403.22163899982
2025-11-17T00:00:00+00:00,1.1616699999999998,1.1616899999999997,1.1519199999999998,1.15408,481207.82365758996
2025-11-20T00:00:00+00:00,1.15408,1.15529,1.14914,1.15109,426472.57134509436
2025-11-23T00:00:00+00:00,1.15109,1.1577899999999999,1.14939,1.1555599999999997,339935.562863296
2025-11-26T00:00:00+00:00,1.1555599999999997,1.16044,1.1537899999999999,1.15882,531852.61815028
2025-11-29T00:00:00+00:00,1.15882,1.16448,1.15815,1.1598699999999997,180980.13036345335
2025-12-02T00:00:00+00:00,1.1598699999999997,1.1674599999999995,1.1583299999999996,1.1636099999999996,450282.0364641496
2025-12-05T00:00:00+00:00,1.1636099999999996,1.1664499999999995,1.1620799999999996,1.1628999999999996,157964.71079901524
2025-12-08T00:00:00+00:00,1.1628999999999996,1.1691599999999998,1.1603699999999997,1.1690299999999998,503002.6482435551
2025-12-11T00:00:00+00:00,1.1690299999999998,1.1751699999999998,1.1671099999999999,1.1726499999999997,309524
2025-12-14T00:00:00+00:00,1.1726499999999997,1.1788800000000001,1.17111,1.1734000000000002,351036.8793811128
2025-12-17T00:00:00+00:00,1.1734000000000002,1.1747500000000002,1.1686800000000002,1.1692700000000003,502944.6895314098
2025-12-20T00:00:00+00:00,1.1692700000000003,1.1746399999999997,1.1683499999999996,1.1740699999999997,126276.87354789775
2025-12-23T00:00:00+00:00,1.1740699999999997,1.1784899999999996,1.1739999999999997,1.1754999999999993,262423.3016938788
2025-12-26T00:00:00+00:00,1.17842,1.1799699999999989,1.176459999999999,1.1786499999999998,159577.01491272723
2025-12-29T00:00:00+00:00,1.1786499999999998,1.1803299999999997,1.1734599999999997,1.176080000000001,413840.6154174299
2026-01-01T00:00:00+00:00,1.1750800000000001,1.1765899999999994,1.171899999999999,1.172479999999999,191731.32213688915
2026-01-04T00:00:00+00:00,1.172479999999999,1.1749499999999993,1.1664699999999992,1.169359999999999,344376.1830853604
2026-01-07T00:00:00+00:00,1.169359999999999,1.1708999999999992,1.1628299999999991,1.164509999999999,454447.82765731995
2026-01-10T00:00:00+00:00,1.164509999999999,1.171459999999999,1.1637799999999991,1.1683499999999991,160212.96693657554
2026-01-13T00:00:00+00:00,1.1683499999999991,1.169389999999999,1.160889999999999,1.1624199999999991,430410.9676726181
2026-01-16T00:00:00+00:00,1.1624199999999991,1.1657099999999991,1.1599399999999993,1.1654299999999993,159233.41041698758
2026-01-19T00:00:00+00:00,1.1654299999999993,1.1799099999999991,1.1634399999999991,1.170299999999999,575061.7108015595
2026-01-22T00:00:00+00:00,1.170299999999999,1.186359999999999,1.170279999999999,1.185649999999999,345971.1653657445
2026-01-25T00:00:00+00:00,1.185649999999999,1.207809999999999,1.1830199999999989,1.201819999999999,579131.4259132158
2026-01-28T00:00:00+00:00,1.201819999999999,1.202089999999999,1.1842099999999989,1.184389999999999,867857.0836742533
2026-01-31T00:00:00+00:00,1.184389999999999,1.186729999999999,1.1768499999999988,1.179139999999999,273277.34870361193
2026-02-03T00:00:00+00:00,1.179139999999999,1.1831299999999991,1.176809999999999,1.1770299999999991,525395.6691772005
2026-02-06T00:00:00+00:00,1.1770299999999991,1.1826099999999993,1.175939999999999,1.1824899999999992,125742.55558213998
2026-02-09T00:00:00+00:00,1.1824899999999992,1.1927599999999992,1.1814199999999992,1.1870799999999992,520368.6578968207
2026-02-12T00:00:00+00:00,1.1870799999999992,1.1886099999999993,1.1841699999999995,1.1861399999999993,299605.3920030851
2026-02-15T00:00:00+00:00,1.1861399999999993,1.1864399999999993,1.1787299999999998,1.1832599999999998,208279.25870576565
2026-02-18T00:00:00+00:00,1.1832599999999998,1.1835499999999999,1.1722899999999998,1.17585,441916.98559039173
2026-02-21T00:00:00+00:00,1.17585,1.1801000000000001,1.1740700000000002,1.17592,156074.2163937912
2026-02-24T00:00:00+00:00,1.17592,1.17941,1.1732400000000003,1.17682,427096.1885055761
2026-02-27T00:00:00+00:00,1.17682,1.17976,1.17547,1.17692,171520.71126187246
2026-03-02T00:00:00+00:00,1.17692,1.1806,1.15404,1.16451,924450.6597200532
2026-03-05T00:00:00+00:00,1.16451,1.16577,1.15571,1.1627,620521.853801402
2026-03-08T00:00:00+00:00,1.1627,1.17496,1.15894,1.16938,726553.6190138434
2026-03-11T00:00:00+00:00,1.16938,1.17277,1.1490300000000002,1.1493400000000003,689502.0570194623
2026-03-14T00:00:00+00:00,1.1493400000000003,1.1591300000000002,1.1480600000000003,1.1564600000000003,201292.5917445141
2026-03-17T00:00:00+00:00,1.1564600000000003,1.1681400000000004,1.1508100000000003,1.1641700000000004,718665.1983519857
2026-03-20T00:00:00+00:00,1.1641700000000004,1.1665100000000002,1.1589700000000003,1.1662400000000002,237151.57651535005
2026-03-23T00:00:00+00:00,1.1662400000000002,1.1740000000000002,1.15849,1.16621,946955.3901729409
2026-03-26T00:00:00+00:00,1.16621,1.1673099999999998,1.1602699999999997,1.1609199999999997,372819.6046283578
2026-03-29T00:00:00+00:00,1.1609199999999997,1.16812,1.15508,1.16805,471010.7398756085
2026-04-01T00:00:00+00:00,1.16805,1.17339,1.1616,1.16262,575957.5661857796
2026-04-04T00:00:00+00:00,1.1520100000000002,1.15718,1.15053,1.15409,186952.13162774724
2026-04-07T00:00:00+00:00,1.15409,1.17233,1.1524200000000002,1.1692,792558.8849172213
2026-04-10T00:00:00+00:00,1.1692,1.1740000000000002,1.16779,1.1728300000000003,169564.76697159652
2026-04-13T00:00:00+00:00,1.1728300000000003,1.1864700000000004,1.17243,1.1859600000000006,492053.77150599496
2026-04-16T00:00:00+00:00,1.1859600000000006,1.1902100000000004,1.1812200000000006,1.1815600000000004,365844.7126515519
2026-04-19T00:00:00+00:00,1.1815600000000004,1.1872000000000003,1.1799700000000002,1.1825,400086.4294407307
2026-04-22T00:00:00+00:00,1.1825,1.1843400000000002,1.1750200000000006,1.1798200000000008,545472.9571216624
2026-04-25T00:00:00+00:00,1.1798200000000008,1.1866500000000004,1.1798200000000008,1.1835800000000003,137655.2339603225
2026-04-28T00:00:00+00:00,1.1835800000000003,1.18595,1.1773,1.18466,643309.4923674272
2026-05-01T00:00:00+00:00,1.18466,1.19032,1.1817700000000002,1.1818600000000001,180002.54249097986
2026-05-04T00:00:00+00:00,1.1818600000000001,1.1887,1.1767000000000003,1.1839999999999997,622031.0362887515
2026-05-07T00:00:00+00:00,1.1839999999999997,1.1879999999999997,1.1813399999999996,1.1876499999999997,371630.2737962142
2026-05-10T00:00:00+00:00,1.1876499999999997,1.1922799999999996,1.1856799999999994,1.1869999999999994,301855.90279306006
2026-05-13T00:00:00+00:00,1.1869999999999994,1.1876799999999994,1.1752899999999997,1.1760999999999997,469334.9789199049
2026-05-16T00:00:00+00:00,1.1760999999999997,1.1804899999999996,1.1751499999999995,1.1797999999999997,205902.95631023598
2026-05-19T00:00:00+00:00,1.1797999999999997,1.1799199999999996,1.1717999999999997,1.1759599999999997,595731.0921215181
2026-05-22T00:00:00+00:00,1.1759599999999997,1.1760799999999996,1.1729999999999996,1.1747599999999998,138790.94222039002
2026-05-25T00:00:00+00:00,1.1747599999999998,1.17691,1.17237,1.17252,386517.3466339223
2026-05-28T00:00:00+00:00,1.17252,1.17935,1.1694,1.17657,324553.25569781335
2026-05-31T00:00:00+00:00,1.17657,1.1781400000000002,1.1723100000000002,1.1739700000000002,290772.1730168384
2026-06-03T00:00:00+00:00,1.1739700000000002,1.1764799999999993,1.1636899999999992,1.1639399999999993,454734.5925612243
2026-06-06T00:00:00+00:00,1.1639399999999993,1.1689599999999998,1.1634699999999998,1.1663399999999997,204440.8707829149
2026-06-09T00:00:00+00:00,1.1663399999999997,1.1725199999999998,1.1638299999999997,1.17112,596182.8424139541
2026-06-12T00:00:00+00:00,1.17112,1.1749999999999996,1.1692699999999998,1.1735399999999996,202765.85669875648
2026-06-15T00:00:00+00:00,1.1735399999999996,1.1754599999999995,1.1606999999999996,1.1634399999999994,471780.8352747535
2026-06-18T00:00:00+00:00,1.1634399999999994,1.1655799999999994,1.1545399999999995,1.1593599999999997,331277.2579305062
2026-06-21T00:00:00+00:00,1.1593599999999997,1.1614599999999997,1.1516599999999997,1.1519799999999998,324110.67883465724
2026-06-24T00:00:00+00:00,1.1519799999999998,1.1569999999999991,1.1465399999999997,1.1518399999999993,537659.9544063275
2026-06-27T00:00:00+00:00,1.1518399999999993,1.1554799999999992,1.1503299999999992,1.1544799999999993,157636.19276492918
2026-06-30T00:00:00+00:00,1.1544799999999993,1.1598099999999993,1.1487499999999993,1.1547699999999992,585227.6097103432
2026-07-03T00:00:00+00:00,1.1547699999999992,1.1587599999999993,1.1545899999999993,1.1551599999999993,115460.6315618483
2026-07-06T00:00:00+00:00,1.1551599999999993,1.1562899999999994,1.1506199999999995,1.1536399999999989,481699.7721598188
2026-07-09T00:00:00+00:00,1.1536399999999989,1.1575999999999989,1.152659999999999,1.1529799999999988,285353.69017192256
2026-07-12T00:00:00+00:00,1.1529799999999988,1.1593899999999984,1.1507399999999985,1.1555999999999984,421891.27581571287
2026-07-15T00:00:00+00:00,1.1555999999999984,1.1614199999999983,1.1537499999999983,1.1571099999999985,464914.771908905
2026-07-18T00:00:00+00:00,1.1571099999999985,1.1591299999999982,1.1544199999999982,1.1557799999999983,140777.43536702794
2026-07-21T00:00:00+00:00,1.1557799999999983,1.157779999999998,1.150589999999998,1.151859999999998,401587.46311054553
2026-07-24T00:00:00+00:00,1.151859999999998,1.154329999999998,1.1507099999999981,1.151679999999998,136990.78229670075
2026-07-27T00:00:00+00:00,1.151679999999998,1.159729999999998,1.1475499999999978,1.1589299999999978,434083.33436344354
2026-07-30T00:00:00+00:00,1.1589299999999978,1.1668799999999977,1.155669999999998,1.1650599999999978,407851.1682082873
2026-08-02T00:00:00+00:00,1.1650599999999978,1.1665999999999979,1.160749999999998,1.163929999999998,327661.1708335732
2026-08-05T00:00:00+00:00,1.163929999999998,1.1688299999999978,1.162209999999998,1.1661699999999977,427780.61260331643
2026-08-08T00:00:00+00:00,1.1661699999999977,1.1664299999999979,1.1637499999999978,1.1644599999999978,119300.74653836446
2026-08-11T00:00:00+00:00,1.1644599999999978,1.1661599999999979,1.1610599999999982,1.1636399999999982,374232.40921143454
2026-08-14T00:00:00+00:00,1.1636399999999982,1.1688099999999981,1.1634699999999982,1.168189999999998,123557.3875057655
2026-08-17T00:00:00+00:00,1.168189999999998,1.1788499999999984,1.1674899999999981,1.1782199999999983,433731.5489731005
2026-08-20T00:00:00+00:00,1.1782199999999983,1.1819399999999984,1.1776799999999983,1.1784099999999984,329828.3753527374
2026-08-23T00:00:00+00:00,1.16721,1.16871,1.1651,1.16743,287489
2026-08-26T00:00:00+00:00,1.16743,1.16768,1.15777,1.15781,393817
2026-08-29T00:00:00+00:00,1.15778,1.16207,1.15744,1.16182,137754
2026-09-01T00:00:00+00:00,1.16182,1.16243,1.15768,1.15781,141204
